Model,Train Acc,Test Acc,Overfit Gap,Train Time (s),Infer Time (ms/1000)
Random Forest,1.0,0.9199852507374632,0.08001474926253682,0.30403947830200195,26.323318481445312
SVM,0.93128078817734,0.9295722713864307,0.0017085167909092203,0.3185417652130127,118.32451820373535
XGBoost,0.9742200328407224,0.9303097345132744,0.04391029832744808,0.5443229675292969,2.3250579833984375
